Display Name,Email
Adam Waugh,facelessadamwaugh@gmail.com
Airo Onrubia,ajonrubia@googlemail.com
Alex Lumley,alex.lumley@hotmail.com
Alfie Simms,simms.alfie27@gmail.com
Amanda Santer,santeramanda@gmail.com
Ann B,annbanfield1@btinternet.com
Anne ODonoghue,anneod31@gmail.com
Astrid Pease,astrid.pease@ntlworld.com
Aymen Nomani,aymenshamoon@gmail.com
Beebot,beauq73@gmail.com
Ben Franklin,b.r.franklin@gmail.com
Ben Prior,priorben64@gmail.com
Bill Laver,revalbill@yahoo.com
Blaise,blaiseyboo123@gmail.com
Brendan McEntee,bmcentee@btinternet.com
Brent Parkinson,brentparkinson10@googlemail.com
Brian Radbone,b.radbone@btinternet.com
Cedric Banfield,cedricbanfield1@btinternet.com
Charlie Advincula,cpadvincula@googlemail.com
Chester Lewis,chesterlewis@hotmail.co.uk
Chris Allan,chrisallan6568@gmail.com
Chris Winchester,chriswinchesteruk@icloud.com
Corinne Islin,corinne.islin@gmail.com
Dan Smith,huntingdonpickleball@gmail.com
Daniel Moulson,danielmoulson646@gmail.com
Darren Perkins,darrenperkins1@gmail.com
David Maestre,davidmaestreravelo@gmail.com
David Maestre Morillo,davidmaestremorillo@hotmail.com
David Parsons,parsonsdavid558@gmail.com
Dean McKinnon,dean.mckinnon@gmail.com
Deanna Francis,deannafrancis70@gmail.com
Debbie Porsz,debbieporsz@gmail.com
Dot Allan,dotallan65@gmail.com
Edward Dickens,edwardjdickens@outlook.com
Eloise Parkinson,eloisesummerton@gmail.com
Emma Franklin,emma.l.franklin@gmail.com
Eric James Ozarraga,ozarraga1619@gmail.com
Esmae Smith,smithe.25@sbe5d.com
Fabrice Gorrec,fabricegorrec@gmail.com
Gilly,jollybeard64@gmail.com
Glenn Jarvis,jarvis.glenn@uk.sika.com
Gus Kerswell,guskerswell2345@gmail.com
guskerswell@live.co.uk,guskerswell@live.co.uk
Harley Ashton,janineashton8899@gmail.com
Harrison Evans,hevansuk@gmail.com
Harvey Noble,big.jon.noble@googlemail.com
Helen Boothman,helenboothman548@gmail.com
ian haigs,ianhaigs1@gmail.com
Ian Kitchiner,ianskitchiner@yahoo.co.uk
Inma Ravelo,ravelo_inma@hotmail.com
Jackie Campbell,jackie.campbell40@gmail.com
Jackie murray (Jakki),jakki21@yahoo.com
Jacob Swallow,jswallow34@gmail.com
Jacqueline Thompstone,jacqmel.thompstone@gmail.com
James Ferries,jf97@live.co.uk
James Leddington,ledda101@googlemail.com
Janae Mayo,janae.l.mayo@gmail.com
Janine Cowan,jcowanbiz@gmail.com
Jay Wheatley,wheatleyjay74@gmail.com
Jayne Tooke,jayneltooke@gmail.com
Jean PH,(placeholder account - no real email)
Joel Valdez,valdezamazing2023@gmail.com
John Campbell,johnmintycampbell@gmail.com
John Sykes,jrsykes6@gmail.com
Josh Grady,jagrady2008@gmail.com
Joshua Ching,mcat113@gmail.com
jun abanilla,julian.abanilla@gmail.com
Karen Campbell,karenablett40@gmail.com
Kate Lumley,kasmith2005@hotmail.co.uk
Katrina Gardiner,katrinagardiner49@gmail.com
Ken Johnston,email.kej@gmail.com
Kerrie Braid,kerriebraid@yahoo.co.uk
Khyle Flores,khyleflores10@gmail.com
Kirsty Baker,jenkinson42@googlemail.com
Kristine Flores,kristinejinyaflores@gmail.com
Lance Murray,lance.murray@hotmail.com
Louise Lumb,lja1404@hotmail.com
Lynne Radbone,cromwelldistrictdc@gmail.com
Lynne Sparrow,lynnesparrow@hotmail.com
Mandy Carpenter,mandycarp19@gmail.com
Mandy Sykes,mandysykes2@gmail.com
Martin Lainsbury,nitram66uk@gmail.com
Matthew Baker,baker.m2706@gmail.com
Michael Campbell,michaelcampbell41@gmail.com
Michael Grady,grady84@hotmail.com
Mike Lorandeau,mlorandeau@gmail.com
Neil Smith,smithneil149@gmail.com
Nina Fernandez,ninarica.fernandez18@gmail.com
Olga,oking55@hotmail.co.uk
Oliver Parsons,oliverparsons@btinternet.com
Oscar L,oscar.lappay@gmail.com
Pam,pamhorse5438@gmail.com
Paolo Alconera,palconera29@gmail.com
Patrick Norman,panorman62@gmail.com
Paul Browne,paul.tp.other@gmail.com
Paul Evans,paul.evans11a@gmail.com
Pauline Kitchiner,paulinekitchiner@gmail.com
Pia Jenkins,piajenkins72@gmail.com
Prim Rose Ozarraga,ozarraga16@gmail.com
Ramsunder m.i,ramsunder1012@gmail.com
Ray Allen,rbflorida13@gmail.com
Ray Allen,golfbreak26@gmail.com
Richard Kelly,rtkelly1982@gmail.com
Richard Porsz,richporsz@gmail.com
Rob Youngs,robyoungs999@gmail.com
Russell Halls,russellhalls@hotmail.co.uk
Sally Perkins,sallyperkins13@gmail.com
Sarah C-B,shecoleman@live.co.uk
Sarah Cossey,sarahcossey1@gmail.com
Sarah Grady,sgrady05@gmail.com
Sarah Jarvis,sarjarvis@hotmail.co.uk
Sarah Parsons,harveyp057@gmail.com
Sav Patel,savreen79@googlemail.com
Shane Nicholls,stn95@hotmail.co.uk
Shaun Cowan,starpickleballgroup@gmail.com
Sheila Francis,sheilafrancis9@googlemail.com
Simon Swallow,swallowsimon2@gmail.com
Stephen Coloma,rentsato@googlemail.com
Steve Jarvis,stevejarvisuk@yahoo.co.uk
Sue Chapman,slchapmanuk@googlemail.com
Sue Ralph,suera1760@gmail.com
Susan Waugh,susanwaugh11@gmail.com
Thea Valdez,theavaldez2025@gmail.com
Thomas Henman,thomashenman156@gmail.com
Thomas Laud,thomaslaud79@gmail.com
Thorunn Byrne,thorunnbyrne@gmail.com
Tim Hooper,tim_hooper@hotmail.co.uk
Tom Edge,tom@cinehome.co.uk
Tony Gardiner,tonygardiner90@gmail.com
Tony Keohane,tonykeohane1965@gmail.com
Tracy Keohane,keohanetracy@gmail.com
Charlie temp,(placeholder account - no real email)
